{
    "kilometer": {
        "kilometer": 1,
        "meter": 1000,
        "centimeter": 100000,
        "millimeter": 1000000,
        "micrometer": 1000000000,
        "nanometer": 1000000000000,
        "yard": 1093.61,
        "foot": 3280.84,
        "inch": 39370.1,
        "furlong": 4.97,
        "mile": 0.621371
    },
    "meter": {
        "kilometer": 0.001,
        "meter": 1,
        "centimeter": 100,
        "millimeter": 1000,
        "micrometer": 1000000,
        "nanometer": 1000000000,
        "yard": 1.09361,
        "foot": 3.28084,
        "inch": 39.3701,
        "furlong": 0.00497,
        "mile": 0.000621371
    },
    "centimeter": {
        "kilometer": 0.00001,
        "meter": 0.01,
        "centimeter": 1,
        "millimeter": 10,
        "micrometer": 10000,
        "nanometer": 10000000,
        "yard": 0.0109361,
        "foot": 0.0328084,
        "inch": 0.393701,
        "furlong": 0.0000497,
        "mile": 0.00000621371
    },
    "millimeter": {
        "kilometer": 0.000001,
        "meter": 0.001,
        "centimeter": 0.1,
        "millimeter": 1,
        "micrometer": 1000,
        "nanometer": 1000000,
        "yard": 0.00109361,
        "foot": 0.00328084,
        "inch": 0.0393701,
        "furlong": 0.00000497,
        "mile": 0.000000621371
    },
    "micrometer": {
        "kilometer": 0.000000001,
        "meter": 0.000001,
        "centimeter": 0.0001,
        "millimeter": 0.001,
        "micrometer": 1,
        "nanometer": 1000,
        "yard": 0.00000109361,
        "foot": 0.00000328084,
        "inch": 0.0000393701,
        "furlong": 0.00000000497,
        "mile": 0.000000000621371
    },
    "nanometer": {
        "kilometer": 0.000000000001,
        "meter": 0.000000001,
        "centimeter": 0.0000001,
        "millimeter": 0.000001,
        "micrometer": 0.001,
        "nanometer": 1,
        "yard": 0.00000000109361,
        "foot": 0.00000000328084,
        "inch": 0.0000000393701,
        "furlong": 0.00000000000497,
        "mile": 0.000000000000621371
    },
    "yard": {
        "kilometer": 0.0009144,
        "meter": 0.9144,
        "centimeter": 91.44,
        "millimeter": 914.4,
        "micrometer": 914400,
        "nanometer": 914400000,
        "yard": 1,
        "foot": 3,
        "inch": 36,
        "furlong": 0.00454,
        "mile": 0.000568182
    },
    "foot": {
        "kilometer": 0.0003048,
        "meter": 0.3048,
        "centimeter": 30.48,
        "millimeter": 304.8,
        "micrometer": 304800,
        "nanometer": 304800000,
        "yard": 0.333333,
        "foot": 1,
        "inch": 12,
        "furlong": 0.00151515,
        "mile": 0.000189394
    },
    "inch": {
        "kilometer": 0.0000254,
        "meter": 0.0254,
        "centimeter": 2.54,
        "millimeter": 25.4,
        "micrometer": 25400,
        "nanometer": 25400000,
        "yard": 0.0277778,
        "foot": 0.0833333,
        "inch": 1,
        "furlong": 0.000126263,
        "mile": 0.0000157828
    },
    "furlong": {
        "kilometer": 0.201168,
        "meter": 201.168,
        "centimeter": 20116.8,
        "millimeter": 201168,
        "micrometer": 201168000,
        "nanometer": 201168000000,
        "yard": 220,
        "foot": 660,
        "inch": 7920,
        "furlong": 1,
        "mile": 0.125
    },
    "mile": {
        "kilometer": 1.60934,
        "meter": 1609.34,
        "centimeter": 160934,
        "millimeter": 1609340,
        "micrometer": 1609340000,
        "nanometer": 1609340000000,
        "yard": 1760,
        "foot": 5280,
        "inch": 63360,
        "furlong": 8,
        "mile": 1
    }
}
