{
    "tonne": {
        "tonne": 1,
        "kilogram": 1000,
        "gram": 1000000,
        "ounce": 35273.9619,
        "pound": 2204.62262,
        "long_ton": 0.984207,
        "short_ton": 1.10231
    },
    "kilogram": {
        "tonne": 0.001,
        "kilogram": 1,
        "gram": 1000,
        "ounce": 35.2739619,
        "pound": 2.20462262,
        "long_ton": 0.000984207,
        "short_ton": 0.00110231
    },
    "gram": {
        "tonne": 0.000001,
        "kilogram": 0.001,
        "gram": 1,
        "ounce": 0.0352739619,
        "pound": 0.00220462262,
        "long_ton": 9.842065e-7,
        "short_ton": 1.10231e-6
    },
    "ounce": {
        "tonne": 2.83495231e-5,
        "kilogram": 0.0283495231,
        "gram": 28.3495231,
        "ounce": 1,
        "pound": 0.0625,
        "long_ton": 2.79017857e-5,
        "short_ton": 3.125e-5
    },
    "pound": {
        "tonne": 0.00045359237,
        "kilogram": 0.45359237,
        "gram": 453.59237,
        "ounce": 16,
        "pound": 1,
        "long_ton": 0.000446428571,
        "short_ton": 0.0005
    },
    "long_ton": {
        "tonne": 1.01604691,
        "kilogram": 1016.04691,
        "gram": 1016046.91,
        "ounce": 35840,
        "pound": 2240,
        "long_ton": 1,
        "short_ton": 1.12
    },
    "short_ton": {
        "tonne": 0.90718474,
        "kilogram": 907.18474,
        "gram": 907184.74,
        "ounce": 32000,
        "pound": 2000,
        "long_ton": 0.892857143,
        "short_ton": 1
    }
}
